id,name,sys_time
1,2019_10_15_16_20_P8.csv,2019-12-12 11:40:38
2,2019_10_17_10_30_P6.csv,2019-12-12 11:40:38
3,2019_10_19_14_10_P7.csv,2019-12-12 11:40:38
4,2019_10_22_09_30_P5.csv,2019-12-12 11:40:38
5,2019_10_22_17_03_P3.csv,2019-12-12 11:40:38
6,2019_10_22_17_03_P6.csv,2019-12-12 11:40:38
7,2019_10_22_17_04_P5.csv,2019-12-12 11:40:38
8,2019_10_23_22_43_P12.csv,2019-12-12 11:40:38
9,2019_10_23_22_51_P35.csv,2019-12-12 11:40:38
10,2019_10_29_16_00_P2.csv,2019-12-12 11:40:38
11,2019_10_29_16_38_P3.csv,2019-12-12 11:40:38
12,2019_10_29_16_39_P3.csv,2019-12-12 11:40:38
13,2019_10_29_16_43_P3.csv,2019-12-12 11:40:38
14,2019_10_29_18_20_P2.csv,2019-12-12 11:40:38
15,2019_10_29_22_45_P1.csv,2019-12-12 11:40:38
16,2019_10_29_22_52_P2.csv,2019-12-12 11:40:38
17,2019_10_30_13_58_P4.csv,2019-12-12 11:40:38
18,2019_10_30_14_05_P4.csv,2019-12-12 11:40:38
19,2019_10_30_14_18_P7.csv,2019-12-12 11:40:38
20,2019_10_30_14_36_P5.csv,2019-12-12 11:40:38
21,2019_10_30_14_59_P2.csv,2019-12-12 11:40:38
22,2019_10_30_15_03_P1.csv,2019-12-12 11:40:38
23,2019_10_30_15_03_P2.csv,2019-12-12 11:40:38
24,2019_10_30_15_05_P2.csv,2019-12-12 11:40:38
25,2019_10_30_15_07_P2.csv,2019-12-12 11:40:38
26,2019_10_30_15_13_P3.csv,2019-12-12 11:40:38
27,2019_10_30_15_25_P5.csv,2019-12-12 11:40:38
28,2019_10_30_15_51_P5.csv,2019-12-12 11:40:38
29,2019_10_30_17_49_P1.csv,2019-12-12 11:40:38
30,2019_10_30_18_29_P4.csv,2019-12-12 11:40:38
31,2019_10_31_21_26_P2.csv,2019-12-12 11:40:38
32,2019_11_15_10_31_P6.csv,2019-12-12 11:40:38
33,2019_11_15_10_45_P2.csv,2019-12-12 11:40:38
34,2019_11_15_11_03_P6.csv,2019-12-12 11:40:38
35,2019_11_15_11_12_P3.csv,2019-12-12 11:40:38
36,2019_11_15_20_25_P4.csv,2019-12-12 11:40:38
37,2019_11_19_14_11_P1.csv,2019-12-12 11:40:38
38,2019_11_19_14_18_P3.csv,2019-12-12 11:40:38
39,2019_11_19_14_34_P3.csv,2019-12-12 11:40:38
40,2019_11_19_15_27_P1.csv,2019-12-12 11:40:38
41,2019_11_19_15_30_P3.csv,2019-12-12 11:40:38
42,2019_11_21_10_28_P1_residual.csv,2019-12-12 11:40:38
43,test1015-2.csv,2019-12-12 11:42:14
44,2020_01_07_14_43_P1.csv,2020-01-07 14:43:15
45,2020_01_07_15_46_P1.csv,2020-01-07 15:46:21
46,2020_01_08_15_37_P1.csv,2020-01-08 15:37:19
47,2020_01_08_15_40_P1.csv,2020-01-08 15:40:03
48,2020_01_08_16_07_P1.csv,2020-01-08 16:07:52
49,2020_01_09_14_38_P1.csv,2020-01-09 14:38:11
50,2020_04_17_10_19_P1.csv,2020-04-17 10:19:19
